視界の中で大きな変化が起きているにもかかわらず注意が向いていないためにその変化に気づかない現象を何というでしょう？,視界の中で大きな変化が起きているにもかかわらず、注意が向いていないためにその変化に気づかない現象を何というでしょう？,変化盲,『変化盲』の意味として適切なものは何でしょう？,視界の大きな変化に気づかない現象,特定の音だけが聞こえなくなる現象,自分の顔を認識できなくなる障害,視野の半分が見えなくなる状態
時代が進むにつれて世界的に知能指数の平均値が上昇し続けている現象を何というでしょう？,時代が進むにつれて、世界的に知能指数の平均値が上昇し続けている現象を何というでしょう？,フリン効果,『フリン効果』の意味として適切なものは何でしょう？,世代ごとに知能指数の平均が上昇する現象,年齢とともに知能が低下する現象,教育レベルが高いほど寿命が延びる現象,都市部の人ほど知能指数が高い傾向
自分が所属する集団に対する否定的なステレオタイプを意識するあまりプレッシャーを感じて実際に能力が低下してしまう現象を何というでしょう？,自分が所属する集団に対する、否定的なステレオタイプを意識するあまり、プレッシャーを感じて、実際に能力が低下してしまう現象を何というでしょう？,ステレオタイプ脅威,『ステレオタイプ脅威』の意味として適切なものは何でしょう？,偏見への意識が能力を低下させる現象,偏見を持つことで相手を見下す心理,ステレオタイプを利用して商品を売る手法,偏見をバネにして努力する心理
不安や緊張などの鬱積した感情を言葉や行動として表出させることで心の浄化が得られる効果を何というでしょう？,不安や緊張などのうっせきした感情を、言葉や行動として表出させることで、心の浄化が得られる効果を何というでしょう？,カタルシス効果,『カタルシス効果』の意味として適切なものは何でしょう？,感情表出による心の浄化作用,薬物による鎮静作用,芸術作品を見て感動すること,論理的な解決でスッキリすること
自分の意見や行動を決める際や自己評価を行う際に比較の基準とする集団のことを何というでしょう？,自分の意見や行動を決める際や自己評価を行う際に、比較の基準とする集団のことを何というでしょう？,準拠集団,『準拠集団』の意味として適切なものは何でしょう？,意思決定や自己評価の基準とする集団,法的な規則に基づいて組織された集団,地理的に近い場所に住む人々の集団,一時的に同じ場所に居合わせた群衆
生理的な反射を引き起こす刺激と中性的な刺激を対提示することで中性的な刺激だけで反応が生じるようになる学習を何というでしょう？,生理的な反射を引き起こす刺激と、中性的な刺激をつい提示することで、中性的な刺激だけで反応が生じるようになる学習を何というでしょう？,レスポンデント条件づけ,『レスポンデント条件づけ』の意味として適切なものは何でしょう？,刺激の対提示により受動的反応を形成する学習,試行錯誤を通じて正解にたどり着く学習,自ら環境に働きかけて結果を得る学習,既存の知識構造に新しい情報を組み込む学習
以前に学習したことが妨げとなって新しい学習内容の記憶や再生が阻害される現象を何というでしょう？,以前に学習したことが妨げとなって、新しい学習内容の記憶や再生が阻害される現象を何というでしょう？,順向干渉,『順向干渉』の意味として適切なものは何でしょう？,古い記憶が新しい記憶の定着を妨げる現象,新しい記憶が古い記憶の想起を妨げる現象,類似した情報が混ざり合って区別できなくなる現象,感情的な動揺が記憶の再生を妨げる現象
お金の入手元や使い道によって主観的なカテゴリー（勘定項目）を分けそれに応じてお金の使い方を変えてしまう心理を何というでしょう？,お金の入手元や使い道によって、主観的なカテゴリーを分け、それに応じてお金の使い方を変えてしまう心理を何というでしょう？,メンタル・アカウンティング,『メンタル・アカウンティング』の意味として適切なものは何でしょう？,心理的な枠組みでお金の価値判断が変わる現象,暗算で素早く計算する能力,家計簿をつけて支出を管理すること,精神的な負担を数値化して評価すること
一連の行動系列を学習させるために個々の行動を鎖のようにつなぎ合わせて訓練する技法を何というでしょう？,一連の行動系列を学習させるために、個々の行動を鎖のようにつなぎ合わせて訓練する技法を何というでしょう？,連鎖化,『連鎖化』の意味として適切なものは何でしょう？,一連の行動をつなぎ合わせて学習させる技法,同時に複数の行動を行う訓練,行動の順序を逆から教える技法,不要な行動を一つずつ取り除く技法
発達において学習や経験よりも神経系や身体の成熟が重要であり準備が整って初めて学習が可能になるという説を何というでしょう？,発達において、学習や経験よりも、神経系や身体の成熟が重要であり、準備が整って初めて学習が可能になるという説を何というでしょう？,成熟優位説,『成熟優位説』の意味として適切なものは何でしょう？,発達には学習より身体的成熟が重要とする説,早期教育が発達を加速させるとする説,環境が遺伝よりも重要であるとする説,性格は生まれつき決まっているとする説
回避不可能なストレスに長期間さらされることで状況を変えようとする意欲が失われる状態を何というでしょう？,回避不可能なストレスに長期間さらされることで、状況を変えようとする意欲が失われる状態を何というでしょう？,学習性無力感,『学習性無力感』の意味として適切なものは何でしょう？,長期間のストレスで抵抗を諦める状態,課題の難易度が高すぎて混乱する状態,学習の成果が一時的に停滞する時期,特定の恐怖対象に対して過剰に反応する状態
自分の成功は能力や努力のおかげと考え失敗は運や状況のせいにする自己防衛的な帰属の歪みを何というでしょう？,自分の成功は能力や努力のおかげと考え、失敗は運や状況のせいにする、自己防衛的な帰属の歪みを何というでしょう？,自己奉仕バイアス,『自己奉仕バイアス』の意味として適切なものは何でしょう？,成功は自分失敗は環境のせいにする偏り,自分よりも他人を優先して行動する傾向,自分の利益のために他人を利用する傾向,他人の成功を自分のことのように喜ぶ傾向
青年期において親への心理的な依存から脱却し精神的な自立を果たそうとする過程を何というでしょう？,青年期において、親への心理的な依存から脱却し、精神的な自立を果たそうとする過程を何というでしょう？,心理的離乳,『心理的離乳』の意味として適切なものは何でしょう？,親から精神的に自立する過程,母乳から固形食へ移行する時期,反抗期が終わって素直になること,恋愛関係を通じて成長すること
文字の色と文字の意味が異なる場合に文字の意味を無視して色を答えるのに時間がかかる現象を何というでしょう？,文字の色と文字の意味が異なる場合に、文字の意味を無視して、色を答えるのに時間がかかる現象を何というでしょう？,ストループ効果,『ストループ効果』の意味として適切なものは何でしょう？,文字の意味と色が干渉し反応が遅れる現象,背景の色によって図形の大きさが違って見える現象,暗い場所では青色が明るく見える現象,直線の周りの角度によって長さが違って見える現象
他者の行動の意図を曖昧な状況下で解釈する際に相手が敵意を持っていると偏って推測してしまう傾向を何というでしょう？,たしゃの行動の意図を曖昧な状況下で解釈する際に、相手が敵意を持っていると偏って推測してしまう傾向を何というでしょう？,敵意帰属バイアス,『敵意帰属バイアス』の意味として適切なものは何でしょう？,相手の行動を悪意あるものと解釈する傾向,自分の失敗を他人のせいにする傾向,攻撃的な行動を正当化する心理,異質な他者を敵とみなして排除する心理
環境が動物に対して提供している「価値」や「行為の可能性」のことで、椅子は「座れる」という性質を持っているといった概念を何というでしょう？,環境が動物に対して提供している、「価値」や「行為の可能性」のことを何というでしょう？,アフォーダンス,『アフォーダンス』の意味として適切なものは何でしょう？,環境が提供する行為の可能性や意味,道具を使いやすくするためのデザイン,人間工学に基づいた椅子の設計,学習によって獲得される技能
自分の行動の結果が自分の努力や能力によるものか運や環境によるものかという原因の所在に対する認識の傾向を何というでしょう？,自分の行動の結果が、自分の努力や能力によるものか、運や環境によるものか、という原因の所在に対する認識の傾向を何というでしょう？,ローカス・オブ・コントロール,『ローカス・オブ・コントロール』の意味として適切なものは何でしょう？,行動結果の原因をどこに求めるかの認識傾向,自分の感情を制御できるかどうかの能力,集団を統率するリーダーシップの強さ,衝動的な欲求を抑える自制心
リスト形式で提示された情報を記憶する際に最初と最後の項目が思い出されやすい現象を何というでしょう？,リスト形式で提示された情報を記憶する際に、最初と最後の項目が思い出されやすい現象を何というでしょう？,系列位置効果,『系列位置効果』の意味として適切なものは何でしょう？,最初と最後の項目が記憶に残りやすい現象,意味的に関連する項目がまとめて想起される現象,感情的に強い印象の項目だけが残る現象,繰り返された回数が多いほど記憶される原理
ストレスなどの環境変化に対して身体の設定値を変動させることで安定性を維持しようとする動的な適応プロセスを何というでしょう？,ストレスなどの環境変化に対して、身体の設定ちを変動させることで、安定性を維持しようとする、動的な適応プロセスを何というでしょう？,アロスタシス,『アロスタシス』の意味として適切なものは何でしょう？,変化を通じて安定を維持する動的適応,内部環境を一定に保つ恒常性維持,ストレスに対する緊急反応,免疫機能による防御システム
子供と母親を未知の部屋に入れ分離と再会に場面を設定することで子供のアタッチメント（愛着）のタイプを判定する実験法を何というでしょう？,子供と母親を未知の部屋に入れ、分離と再会に場面を設定することで、子供の愛着のタイプを判定する実験法を何というでしょう？,ストレンジ・シチュエーション法,『ストレンジ・シチュエーション法』の意味として適切なものは何でしょう？,母子分離場面での愛着タイプ判定法,子供の知能を測定する観察法,見知らぬ人への人見知りを治す訓練,集団遊びの中での協調性を測るテスト
信憑性の低い情報源からのメッセージであっても時間が経過すると情報源の記憶が薄れて内容だけが受け入れられる現象を何というでしょう？,信憑性の低い情報げんからのメッセージであっても、時間が経過すると情報げんの記憶が薄れて、内容だけが受け入れられる現象を何というでしょう？,スリーパー効果,『スリーパー効果』の意味として適切なものは何でしょう？,時間の経過で信憑性の低い情報が説得力を持つ現象,睡眠学習によって記憶が定着する効果,無意識のメッセージが行動に影響を与える現象,繰り返しの説得が逆効果になる現象
「帰りに牛乳を買う」のように将来行うべき行動や予定に関する記憶を何というでしょう？,「帰りに牛乳を買う」、のように、将来行うべき行動や予定に関する記憶を何というでしょう？,展望的記憶,『展望的記憶』の意味として適切なものは何でしょう？,将来の行動や予定に関する記憶,過去の出来事を回想する記憶,現在直面している課題に必要な情報の記憶,無意識のうちに保存されている潜在的な記憶
最初に提示された数値や情報が基準点となりその後の判断や評価に影響を与える現象を何というでしょう？,最初に提示された数値や情報が基準点となり、その後の判断や評価に影響を与える現象を何というでしょう？,アンカリング効果,『アンカリング効果』の意味として適切なものは何でしょう？,最初の数値が基準となり判断を歪める効果,アンケートの回答が質問順序に影響される効果,権威ある人の意見に判断が左右される効果,過去の成功体験に固執して判断する効果
物事の捉え方や考え方（認知）の歪みに働きかけて気分や行動を改善しようとする心理療法を何というでしょう？,物事の捉えかたや考え方の歪みに働きかけて、気分や行動を改善しようとする心理療法を何というでしょう？,認知行動療法,『認知行動療法』の意味として適切なものは何でしょう？,認知の歪みを修正し行動を変える療法,無意識の葛藤を解き明かす療法,過去のトラウマを再体験して解消する療法,家族全員を集めて関係性を調整する療法
望ましい行動ができたときに報酬としてトークン（引換券）を与えそれを集めると好きな物や権利と交換できる技法を何というでしょう？,望ましい行動ができたときに、報酬として引換券を与え、それを集めると好きな物や権利と交換できる技法を何というでしょう？,トークン・エコノミー法,『トークン・エコノミー法』の意味として適切なものは何でしょう？,報酬としての引換券で行動を強化する技法,経済的なインセンティブで勤労意欲を高める技法,集団内での役割交換を行う技法,罰金制度を用いて違反行動を減らす技法
自分がどの社会集団に所属しているかという自覚が自己評価や感情に影響を与えるとする概念を何というでしょう？,自分がどの社会集団に所属しているかという自覚が自己評価や感情に影響を与えるとする概念を何というでしょう？,社会的アイデンティティ,『社会的アイデンティティ』の意味として適切なものは何でしょう？,所属集団への帰属意識に基づく自己概念,他者からどう見られているかという客観的自己,個人的な能力や身体的特徴に基づく自己,過去の記憶によって形成される自己の連続性
自分も相手も大切にしながら自分の気持ちや意見を率直かつ適切に表現するコミュニケーション技法を何というでしょう？,自分も相手も大切にしながら、自分の気持ちや意見を、率直かつ適切に表現するコミュニケーション技法を何というでしょう？,アサーション,『アサーション』の意味として適切なものは何でしょう？,自他を尊重した自己表現技法,相手を論破するための説得技法,相手の言いなりになる受動的な態度,自分の要求を一方的に押し通す態度
他者が自分のことをどのように見ているかという他者の反応を通して認識される自己像のことを何というでしょう？,たしゃが自分のことをどのように見ているか、というたしゃの反応を通して認識される自己像のことを何というでしょう？,鏡映的自己,『鏡映的自己』の意味として適切なものは何でしょう？,他者の目に映る姿を通して知る自己像,鏡を見ることで自己認識を高めること,理想の自分を鏡に映すように演じること,双子のように自分と似た他者のこと
感情体験と身体反応は視床下部からの指令によって同時に別々に生じるとする説を何というでしょう？,感情体験と身体反応は、視床下部からの指令によって同時に別々に生じるとする説を何というでしょう？,キャノン・バード説,『キャノン・バード説』の意味として適切なものは何でしょう？,感情と身体反応は中枢から同時に生じるとする説,身体反応の認知が感情を決定するとする説,環境要因が感情の種類を決定するとする説,無意識の願望が感情となって表れるとする説
雲の形が顔に見えたり壁のしみが動物に見えたりするなど無意味な対象から意味のあるパターンを見出してしまう知覚現象を何というでしょう？,雲の形が顔に見えたり、壁のしみが動物に見えたりするなど、無意味な対象から、意味のあるパターンを見出してしまう知覚現象を何というでしょう？,パレイドリア,『パレイドリア』の意味として適切なものは何でしょう？,無意味な対象に意味ある形を見る現象,存在しないはずの音が聞こえる現象,実際よりも物が大きく見える現象,静止画が動いて見える現象
多くの人が所有しているものに対して希少価値を感じなくなり購買意欲が低下する現象を何というでしょう？,多くの人が所有しているものに対して、希少価値を感じなくなり、購買意欲が低下する現象を何というでしょう？,スノッブ効果,『スノッブ効果』の意味として適切なものは何でしょう？,人と同じものを嫌い差別化を求める現象,流行に乗遅れないように追随する現象,高価なものを人に見せびらかす現象,機能性よりもデザインを重視する現象
十分な実績や能力があるにもかかわらず自分を過小評価し「自分は詐欺師でいつか化けの皮が剥がれる」と恐れる心理状態を何というでしょう？,十分な実績や能力があるにもかかわらず自分を過小評価し「自分は詐欺師でいつか化けの皮が剥がれる」と恐れる心理状態を何というでしょう？,インポスター症候群,『インポスター症候群』の意味として適切なものは何でしょう？,成功を自分の実力と思えない心理,自分が特別な存在だと信じ込む心理,被害妄想に囚われる心理,注目されたくて病気のふりをする心理
生理的な欠乏状態（空腹など）が生じると不快な緊張（動因）が発生しそれを低減させるために行動が起こるという動機づけ理論を何というでしょう？,生理的な欠乏状態が生じると、不快な緊張が発生し、それを低減させるために行動が起こるという動機づけ理論を何というでしょう？,動因低減説,『動因低減説』の意味として適切なものは何でしょう？,不快な欠乏の解消を行動原理とする説,報酬を期待して行動するとする説,最適な覚醒レベルを求めて行動するとする説,欠乏を満たすだけでなく可能性を最大限に発揮しようとする説
物理的な環境条件よりも周囲からの注目や人間関係への意識が作業効率に影響を与える現象を何というでしょう？,物理的な環境条件よりも、周囲からの注目や人間関係への意識が、作業効率に影響を与える現象を何というでしょう？,ホーソン効果,『ホーソン効果』の意味として適切なものは何でしょう？,注目されることで意欲が高まり成果が出る現象,作業環境の悪化が生産性を低下させる現象,個人の能力が集団全体の成果を決める現象,報酬の有無が内発的動機づけを変える効果
他者の適切な行動を観察しそれを模倣することによって新しい行動を獲得したり不適切な行動を修正したりする療法を何というでしょう？,たしゃの適切な行動を観察し、それを模倣することによって、新しい行動を獲得したり、不適切な行動を修正したりする療法を何というでしょう？,モデリング療法,『モデリング療法』の意味として適切なものは何でしょう？,他者の行動観察を通じて学習させる療法,鏡を見ながら自己イメージを修正する療法,粘土などを使って内面を表現する療法,理想の自分を演じることで性格を変える療法
心に浮かんだことを批判や選別をせずにありのままに話してもらうことで無意識を探る精神分析の手法を何というでしょう？,心に浮かんだことを批判や選別をせずにありのままに話してもらうことで、無意識を探る精神分析の手法を何というでしょう？,自由連想法,『自由連想法』の意味として適切なものは何でしょう？,心に浮かぶことを無批判に話す分析法,夢の内容を詳細に分析する方法,催眠状態で過去の記憶を呼び起こす方法,箱庭を作って内面を表現する方法
人物が描かれた絵を見て過去・現在・未来の物語を作らせることでその人の欲求や対人関係を分析する検査を何というでしょう？,人物が描かれた絵を見て、過去・現在・未来の物語を作らせることで、その人の欲求や対人関係を分析する検査を何というでしょう？,主題統覚検査,『主題統覚検査』の意味として適切なものは何でしょう？,絵から物語を作らせて内面を分析する検査,単純な図形を描写させて脳機能を調べる検査,木を描かせて性格を診断する検査,質問項目に「はい・いいえ」で答える検査
乳幼児が未知の対象や状況に遭遇した際に親などの信頼できる他者の表情や反応を見て自分の行動を決定することを何というでしょう？,乳幼児が、未知の対象や状況に遭遇した際に、親などの信頼できるたしゃの表情や反応を見て、自分の行動を決定することを何というでしょう？,社会的参照,『社会的参照』の意味として適切なものは何でしょう？,他者の反応を見て自分の行動を決めること,社会のルールに従って行動すること,友達の真似をして遊ぶこと,鏡に映った自分を認識すること
好条件を提示して承諾を得た後に後から条件を変更したり諸経費を追加したりして当初よりも悪い条件で合意させる技法を何というでしょう？,こう条件を提示して、承諾を得た後から条件を変更したり、諸経費を追加したりして、当初よりも悪い条件で合意させる技法を何というでしょう？,ローボール法,『ローボール法』の意味として適切なものは何でしょう？,承諾後に条件を悪くして合意させる技法,相手の期待値を下げてから成果を出す技法,低い目標を設定して確実に達成させる技法,相手の弱みを握って要求を飲ませる技法
ある言葉や情報を新しく知った直後から急にその言葉や情報を頻繁に見聞きするようになる現象を何というでしょう？,ある言葉や情報を新しく知った直後から、急にその言葉や情報を頻繁に見聞きするようになる現象を何というでしょう？,バーダー・マインホフ現象,『バーダー・マインホフ現象』の意味として適切なものは何でしょう？,知ったばかりの情報が目につくようになる現象,噂話をしていたらその本人が現れる現象,デジャヴを感じることが多くなる現象,名前が出てこないのにもどかしい現象
乳幼児期において、特定の養育者との継続的な接触が限られた環境で育つことによって、心身への影響が生じることを何というでしょう？,乳幼児期において、特定の養育者との継続的な接触が限られた環境で育つことによって、心身への影響が生じることを何というでしょう？,ホスピタリズム,『ホスピタリズム』の意味として適切なものは何でしょう？,愛情遮断による心身の発達遅滞,入院患者への手厚い看護サービス,来客を温かくもてなす精神,病院に対する恐怖症
ストレスを感じている人に対して周囲の人が提供する情緒的・物質的・情報的な援助のことを何というでしょう？,ストレスを感じている人に対して、周囲の人が提供する、情緒的・物質的・情報的な援助のことを何というでしょう？,ソーシャルサポート,『ソーシャルサポート』の意味として適切なものは何でしょう？,周囲からの情緒的・物質的な援助,国による公的な生活保護制度,専門家による心理カウンセリング,SNSでの「いいね」による承認
他人の行動は性格のせいに、自分の行動は状況のせいにするという認識のひずみを何というでしょう？,他人の行動は性格のせいに、自分の行動は状況のせいにするという認識のひずみを何というでしょう？,行為者-観察者バイアス,『行為者-観察者バイアス』の意味として適切なものは何でしょう？,他人は性格自分は状況に原因を求める偏り,成功は自分のおかげ失敗は他人のせいにする偏り,自分に甘く他人に厳しい評価を下す偏り,観察されていると行動が変わってしまう偏り
自殺の危険が高い場合や大災害の後など心理的な危機状態にある人に対して行われる短期集中的な介入や援助を何というでしょう？,自殺の危険が高い場合や大災害の後など、心理的な危機状態にある人に対して行われる、短期集中的な介入や援助を何というでしょう？,クライシス・インターベンション,『クライシス・インターベンション』の意味として適切なものは何でしょう？,危機状態への短期集中的な心理介入,慢性的な精神疾患への長期治療,日常生活の質を向上させる指導,犯罪を未然に防ぐための教育
ある対象が特定のカテゴリーの典型的なイメージとどれくらい似ているかによって確率や分類を判断する傾向を何というでしょう？,ある対象が、特定のカテゴリーの典型的なイメージとどれくらい似ているかによって、確率や分類を判断する傾向を何というでしょう？,代表性ヒューリスティック,『代表性ヒューリスティック』の意味として適切なものは何でしょう？,典型的なイメージとの類似度で判断する傾向,利用可能な情報の多さで判断する傾向,専門家の意見を無批判に信じる傾向,多数派の意見に従って判断する傾向
物体の本来の用途や機能にとらわれてしまい別の使い道を思いつくのが難しくなる現象を何というでしょう？,物体の本来の用途や機能にとらわれてしまい、別の使い道を思いつくのが難しくなる現象を何というでしょう？,機能的固着,『機能的固着』の意味として適切なものは何でしょう？,本来の用途にとらわれ柔軟な発想が妨げられる現象,特定のブランドにこだわり他を使わない傾向,同じ手順の作業しかできなくなる状態,新しい技術の導入を拒む心理
刺激の強さが変化したと気づくために必要な最小の刺激変化量のことを何というでしょう？,刺激の強さが変化したと気づくために必要な、最小の刺激変化量のことを何というでしょう？,丁度可知差異,『丁度可知差異』の意味として適切なものは何でしょう？,変化に気づける最小の刺激差,感知できる最小の刺激強度,不快と感じない最大の刺激強度,無意識に反応してしまう刺激レベル
新しく学習したことが妨げとなって以前に学習した内容が思い出せなくなる現象を何というでしょう？,新しく学習したことが妨げとなって、以前に学習した内容が思い出せなくなる現象を何というでしょう？,逆向干渉,『逆向干渉』の意味として適切なものは何でしょう？,新しい記憶が古い記憶の想起を妨げる現象,古い記憶が新しい記憶の定着を妨げる現象,睡眠不足が記憶の定着を阻害する現象,薬物の副作用で過去の記憶を失う現象
曖昧な状況下での判断において信号（シグナル）とノイズを区別する際の意思決定過程を説明する理論を何というでしょう？,曖昧な状況下での判断において、信号とノイズを区別する際の意思決定過程を説明する理論を何というでしょう？,信号検出理論,『信号検出理論』の意味として適切なものは何でしょう？,ノイズの中から信号を検出する判断の理論,電波の届かない場所での通信理論,嘘発見器のメカニズムを説明する理論,視力検査の正確さを測る理論
生物の発達過程において特定の学習や経験が成立するために不可欠な特定の短い期間を何というでしょう？,生物の発達過程において、特定の学習や経験が成立するために不可欠な、特定の短い期間を何というでしょう？,臨界期,『臨界期』の意味として適切なものは何でしょう？,特定の能力獲得に不可欠な限られた期間,身体の成長が急激に進む時期,反抗期などの精神的に不安定な時期,更年期などのホルモンバランスが変わる時期
人間の性格を「開放性・誠実性・外向性・協調性・神経症的傾向」の5つの次元で説明する理論を何というでしょう？,人間の性格を、「かいほう性・誠実性・がいこう性・協調性・神経症的傾向」、の5つの次元で説明する理論を何というでしょう？,ビッグファイブ,『ビッグファイブ』の意味として適切なものは何でしょう？,性格を主要な5つの因子で説明する理論,知能を5つの異なる能力に分ける理論,発達段階を5つの時期に分ける理論,感情を5つの基本感情に分類する理論
児童期後半（小学校高学年頃）に見られる親や教師よりも友人同士の結びつきを重視し閉鎖的な仲間集団を作る時期を何というでしょう？,小学校高学年頃に見られる、親や教師よりも友人同士の結びつきを重視し、閉鎖的な仲間集団を作る時期を何というでしょう？,ギャング・エイジ,『ギャング・エイジ』の意味として適切なものは何でしょう？,徒党を組んで仲間意識を高める時期,反社会的な非行集団に入る時期,親に反抗して家庭内暴力を振るう時期,一人遊びを好んで集団を避ける時期
衝撃的な事件やニュースに接した際にその時の自分の状況や周囲の様子まで鮮明に記憶される現象を何というでしょう？,衝撃的な事件やニュースに接した際に、その時の自分の状況や、周囲の様子まで鮮明に記憶される現象を何というでしょう？,フラッシュバルブ記憶,『フラッシュバルブ記憶』の意味として適切なものは何でしょう？,衝撃的出来事を鮮明に覚えている記憶,写真のように一瞬で風景を記憶する能力,夢の内容を現実の記憶と混同すること,幼児期の記憶が大人になっても残ること
特定の課題を達成するために必要な行動を自分がうまく遂行できるという自信や確信を何というでしょう？,特定の課題を達成するために必要な行動を、自分がうまく遂行できるという自信や確信を何というでしょう？,自己効力感,『自己効力感』の意味として適切なものは何でしょう？,課題を遂行できるという自分への信頼感,自分は価値がある人間だという自尊心,他者よりも優れているという優越感,失敗してもくじけない忍耐力
既存の知識や論理を用いて唯一の正解を導き出そうとする思考様式を何というでしょう？,既存の知識や論理を用いて、唯一の正解を導き出そうとする思考様式を何というでしょう？,収束的思考,『収束的思考』の意味として適切なものは何でしょう？,論理的に唯一の正解を導く思考,自由な発想でアイデアを狭める思考,感情を排して客観的に事実を見る思考,過去の判例に基づいて判断を下す思考
言い間違いや書き間違い、失念などは単なる不注意ではなく無意識の願望や葛藤が現れたものであるとする精神分析の概念を何というでしょう？,言い間違いや書き間違い、失念などは、単なる不注意ではなく、無意識の願望や、葛藤が現れたものであるとする精神分析の概念を何というでしょう？,錯誤行為,『錯誤行為』の意味として適切なものは何でしょう？,無意識が表れた言い間違いや失念,脳の機能障害による認知ミス,疲労による注意力の低下,意図的に嘘をつく行為
人に対して低い期待を持って接すると実際にその人の成績やパフォーマンスが低下してしまう現象を何というでしょう？,人に対して低い期待を持って接すると、実際にその人の成績やパフォーマンスが低下してしまう現象を何というでしょう？,ゴーレム効果,『ゴーレム効果』の意味として適切なものは何でしょう？,低い期待が相手の成果を低下させる現象,高い期待が相手のプレッシャーになる現象,指導者の能力不足が部下に伝染する現象,誤った指導法が定着してしまう現象
先行する刺激の処理が後続の刺激の処理に無意識的な影響を与える現象を何というでしょう？,先行する刺激の処理が、後続の刺激の処理に無意識な影響を与える現象を何というでしょう？,プライミング効果,『プライミング効果』の意味として適切なものは何でしょう？,先行刺激が後の判断に無意識に影響する効果,複数の刺激を同時に提示すると混乱する現象,刺激の強度が変化しても同じと知覚する機能,矛盾する情報が処理時間を遅らせる現象
ストレス状態が長く続いた際に生体が警告反応期・抵抗期・疲弊期という一連の反応経過をたどることを何というでしょう？,ストレス状態が長く続いた際に、生体が、警告反応期・抵抗期・疲弊期、という一連の反応経過をたどることを何というでしょう？,汎適応症候群,『汎適応症候群』の意味として適切なものは何でしょう？,ストレスに対する生体の一連の反応プロセス,特定の病原体に感染した際の免疫反応,環境変化に対する心理的な適応障害,集団生活におけるストレスへの対処法
1本の木を描いてもらうことでその人の無意識の自己像や精神状態を評価する投影法の心理検査を何というでしょう？,1本の木を描いてもらうことで、その人の無意識の自己像や精神状態を評価する、投影法の心理検査を何というでしょう？,バウムテスト,『バウムテスト』の意味として適切なものは何でしょう？,木を描かせて内面を評価する検査,家と人を描かせて性格を見る検査,幾何学図形を模写させて脳機能を測る検査,家族の絵を描かせて関係性を診断する検査
相談機関に来談したクライエントに対して最初に行われる面接のことで問題の概要把握や治療方針の決定を目的とするものを何というでしょう？,相談機関にらいだんしたクライエントに対して最初に行われる、問題の概要把握や治療方針の決定を目的とする面接を何というでしょう？,インテーク面接,『インテーク面接』の意味として適切なものは何でしょう？,初回に行う受理面接,治療が終了した際に行う最終面接,電話で行う緊急相談,家族を含めて行う合同面接
説得や強制によって自由を脅かされたと感じたときに反発して逆の行動をとろうとする心理状態を何というでしょう？,説得や強制によって自由を脅かされたと感じたときに、反発して逆の行動をとろうとする心理状態を何というでしょう？,心理的リアクタンス,『心理的リアクタンス』の意味として適切なものは何でしょう？,自由を制限された際に生じる反発心,自分の行動を一貫させようとする心理,相手の好意に対して好意で返そうとする心理,希少なものほど価値が高いと感じる心理
他者の行動を見ているだけでまるで自分が同じ行動をしているかのように活動する脳内の神経細胞を何というでしょう？,たしゃの行動を見ているだけで、まるで自分が同じ行動をしているかのように活動する、脳内の神経細胞を何というでしょう？,ミラーニューロン,『ミラーニューロン』の意味として適切なものは何でしょう？,観察時に実行時と同様に活動する神経細胞,痛みを感じた時に活動する神経細胞,記憶の形成に関与する神経細胞,睡眠のリズムを調整する神経細胞
新しい環境に適応し新しい情報を処理する際に使われる先天的な情報処理能力を何というでしょう？,新しい環境に適応し新しい情報を処理する際に使われる、先天的な情報処理能力を何というでしょう？,流動性知能,『流動性知能』の意味として適切なものは何でしょう？,新しい状況に適応する直感的な知能,経験や学習によって蓄積された知能,言語を用いて論理的に思考する知能,空間的な位置関係を把握する知能
マスメディアの影響について「他人は影響を受けるが自分はそれほど影響されない」と考える傾向を何というでしょう？,マスメディアの影響について、「他人は影響を受けるが、自分はそれほど影響されない」と考える傾向を何というでしょう？,第三者効果,『第三者効果』の意味として適切なものは何でしょう？,自分より他人がメディアの影響を受けると考える傾向,第三者の意見が対立を仲裁する効果,当事者以外には秘密が漏れないこと,二人の関係に第三者が入ると安定すること
褒めることや報酬を与えることによってその人の内発的動機づけがさらに高まる現象を何というでしょう？,褒めることや報酬を与えることによって、その人の内発的動機づけが、さらに高まる現象を何というでしょう？,エンハンシング効果,『エンハンシング効果』の意味として適切なものは何でしょう？,賞賛や報酬がやる気をさらに高める現象,過度な賞賛が慢心を生む現象,他者との比較が劣等感を生む現象,報酬により行動の発生頻度が増加する現象
評価の高い集団や人物との結びつきを強調することで自分自身の評価も高めようとする心理を何というでしょう？,評価の高い集団や人物との結びつきを強調することで、自分自身の評価も高めようとする心理を何というでしょう？,栄光浴,『栄光浴』の意味として適切なものは何でしょう？,成功者との関連を誇示し自己評価を高める心理,過去の栄光にすがりつき現実逃避する心理,日光を浴びることで気分を高揚させる療法,集団の中心にいることで安心感を得る心理
「今、ここ」での体験や感情の自覚を重視し全体性（ゲシュタルト）の回復を目指す心理療法を何というでしょう？,「今、ここ」、での体験や感情の自覚を重視し、全体性の回復を目指す心理療法を何というでしょう？,ゲシュタルト療法,『ゲシュタルト療法』の意味として適切なものは何でしょう？,今ここの体験と全体性の回復を重視する療法,部分的な症状の除去を目指す対症療法,過去のトラウマ原因の究明を重視する療法,論理的な思考の修正を行う認知療法
子供が独力で解決できる水準と援助があれば解決できる水準の間の領域を指す発達心理学の用語を何というでしょう？,子供が独力で解決できる水準と、援助があれば解決できる水準の間の領域を何というでしょう？,発達の最近接領域,『発達の最近接領域』の意味として適切なものは何でしょう？,援助があれば達成可能な発達の領域,遺伝的に決定された能力の限界点,すでに完全に習得し自動化した能力,加齢によって失われつつある能力
相手の言葉を単に聞くだけでなく相手の感情や意図を汲み取りながら積極的に耳を傾けるコミュニケーション技法を何というでしょう？,相手の言葉を単に聞くだけでなく、相手の感情や意図を汲みとりながら積極的に耳を傾けるコミュニケーション技法を何というでしょう？,アクティブ・リスニング,『アクティブ・リスニング』の意味として適切なものは何でしょう？,相手の感情や意図を汲み取り積極的に聴く技法,相手の話を遮らずに黙って聞く技法,自分の意見を相手に分かりやすく伝える技法,複数の人の意見をまとめて要約する技法
内発的に動機づけられている行動に対して報酬などの外的な動機づけを行うと意欲が低下してしまう現象を何というでしょう？,内発的に動機づけられている行動に対して、報酬などのがい的な動機づけを行うと、意欲が低下してしまう現象を何というでしょう？,アンダーマイニング効果,『アンダーマイニング効果』の意味として適切なものは何でしょう？,報酬が内発的なやる気を削ぐ現象,報酬によってさらにやる気が高まる現象,罰を与えることで望ましくない行動が減る現象,競争させることで個人の能力が伸びる現象
課題の難易度に応じてパフォーマンスを最大化するための最適な覚醒レベルが存在するという法則を何というでしょう？,課題の難易度に応じて、パフォーマンスを最大化するための最適な覚醒レベルが存在するという法則を何というでしょう？,ヤーキーズ・ドットソンの法則,『ヤーキーズ・ドットソンの法則』の意味として適切なものは何でしょう？,最適な覚醒レベルが課題成績を最大化する法則,練習量に比例して技能が向上する法則,報酬が多いほどやる気が高まる法則,集団が大きいほど個人の責任感が減る法則
報酬がなくても学習は進んでいるがそれが行動として現れるには報酬が必要であることを示した学習現象を何というでしょう？,報酬がなくても学習は進んでいるが、それが行動として現れるには報酬が必要であることを示した、学習現象を何というでしょう？,潜在学習,『潜在学習』の意味として適切なものは何でしょう？,報酬なしで進み行動には報酬を要する学習,無意識のうちに行動パターンを覚える学習,睡眠中に脳内で記憶が整理される学習,一度忘れたことを再学習する際の速さ
自分自身の認知プロセスを客観的に捉えて監視したり制御したりする認知活動を何というでしょう？,自分自身の認知プロセスを客観的に捉えて、監視したり制御したりする認知活動を何というでしょう？,メタ認知,『メタ認知』の意味として適切なものは何でしょう？,自分の認知を客観的に把握し制御する機能,感覚器官から入る情報を解釈する過程,無意識のうちに情報を処理する機能,長期記憶から必要な情報を検索する過程
試行錯誤を繰り返すのではなく状況全体の構造を見通すこと（洞察）によって急激に問題解決に至る学習を何というでしょう？,試行錯誤を繰り返すのではなく状況全体の構造を見通すことによって急激に問題解決に至る学習を何というでしょう？,洞察学習,『洞察学習』の意味として適切なものは何でしょう？,見通しによる急激な問題解決の学習,偶然の成功から正解を導き出す学習,手本を真似ることで成立する学習,条件反射によって形成される学習
乳幼児が高さのある場所を怖がるかどうかを調べるためにガラス板を用いて床があるように見せかけた実験装置を何というでしょう？,乳幼児が高さのある場所を怖がるかどうかを調べるために、ガラス板を用いて床があるように見せかけた実験装置を何というでしょう？,視覚的断崖,『視覚的断崖』の意味として適切なものは何でしょう？,乳幼児の奥行き知覚を調べる実験装置,高所恐怖症を治療するためのVR装置,錯視を利用したトリックアートの展示,視力の発達を測定する検査表
自発的な行動の直後に報酬や罰を与えることでその行動の頻度を変化させる学習手続きを何というでしょう？,自発的な行動の直後に、報酬や罰を与えることで、その行動の頻度を変化させる学習手続きを何というでしょう？,オペラント条件づけ,『オペラント条件づけ』の意味として適切なものは何でしょう？,行動の結果によって行動頻度が変わる学習,刺激の対提示によって受動的反応が形成される学習,他者の行動を観察することで成立する学習,洞察によって問題解決が一気に進む学習
解決困難な問題から一時的に離れて休息をとることで解決策が突然思い浮かぶことがある現象を何というでしょう？,解決困難な問題から一時的に離れて休息をとることで、解決策が突然思い浮かぶことがある現象を何というでしょう？,孵化効果,『孵化効果』の意味として適切なものは何でしょう？,問題から離れることで解決策が浮かぶ現象,集団で議論することでアイデアが増える現象,睡眠中に記憶が整理されて定着する現象,卵を温めるようにアイデアを慎重に育てること
不安を感じる対象に対してリラックスした状態を保ちながら弱い刺激から徐々に強い刺激へと慣れさせていく治療法を何というでしょう？,不安を感じる対象に対して、リラックスした状態を保ちながら、弱い刺激から徐々に強い刺激へと慣れさせていく治療法を何というでしょう？,系統的脱感作法,『系統的脱感作法』の意味として適切なものは何でしょう？,不安対象に徐々に慣れさせていく治療法,不安対象に一気に晒して克服させる治療法,論理的な説得で不安を取り除く治療法,薬物を用いて不安を鎮める治療法
短期記憶の情報を維持したり長期記憶へ転送したりするために情報を繰り返し唱えたり復唱したりすることを何というでしょう？,短期記憶の情報を維持したり、長期記憶へ転送したりするために、情報を繰り返し唱えたり、復唱したりすることを何というでしょう？,リハーサル,『リハーサル』の意味として適切なものは何でしょう？,記憶維持のために情報を復唱すること,本番前に予行演習を行うこと,過去の失敗を思い出して反省すること,劇のセリフを暗記すること
生理的な覚醒とその原因に対する認知的な解釈の両方が揃って初めて特定の感情が生じるとする説を何というでしょう？,生理的な覚醒と、その原因に対する認知的な解釈の両方が揃って初めて、特定の感情が生じるとする説を何というでしょう？,情動の二要因理論,『情動の二要因理論』の意味として適切なものは何でしょう？,生理的覚醒と認知的解釈で感情が決まる説,本能的な衝動が感情の源であるとする説,文化的な背景が感情表現を決定するとする説,他者の表情を模倣することで感情が移る説
コイン投げで表が続くと「次は裏が出るはずだ」というように確率的には独立した事象に関連性があると思い込む誤りを何というでしょう？,コイン投げでおもてが続くと、「次は裏が出るはずだ」というように、確率的には独立した事象に関連性があると思い込む誤りを何というでしょう？,ギャンブラーの誤謬,『ギャンブラーの誤謬』の意味として適切なものは何でしょう？,独立事象に確率のバランスを期待する誤り,勝っている時に賭け金を増やす心理,負けを取り戻そうとして深みにハマる心理,偶然の結果を実力と勘違いする心理
自分の所有しているものに対して客観的な価値以上の高い価値を感じ手放すことに抵抗を感じる現象を何というでしょう？,自分の所有しているものに対して客観的な価値以上の高い価値を感じ、手放すことに抵抗を感じる現象を何というでしょう？,授かり効果,『授かり効果』の意味として適切なものは何でしょう？,自分の所有物に高い価値を感じる現象,天から授かった才能を誇示すること,贈り物をもらうと相手を好きになる心理,偶然の幸運を自分の実力と勘違いすること
自分の意見や行動が実際以上に世間一般の多数派と同じであると思い込んでしまう傾向を何というでしょう？,自分の意見や行動が、実際以上に世間一般の多数派と同じであると思い込んでしまう傾向を何というでしょう？,偽の合意効果,『偽の合意効果』の意味として適切なものは何でしょう？,自分の意見が多数派だと過信する傾向,嘘の情報でもみんなが信じれば真実になる現象,会議で表面的な合意形成が行われること,集団内で誤った情報が共有されること
抑圧された欲求とは正反対の態度や行動をとることで不安を解消しようとする防衛機制を何というでしょう？,抑圧された欲求とは正反対の態度や行動をとることで、不安を解消しようとする防衛機制を何というでしょう？,反動形成,『反動形成』の意味として適切なものは何でしょう？,本心とは逆の態度をとる作用,特定の対象への衝動を別の対象に向ける作用,他者の影響を受け入れて自分のものにする作用,過去の成功体験に固執する作用
条件づけにおいて毎回報酬を与えるのではなく時々ランダムに報酬を与える方が消去されにくい（行動が持続しやすい）という現象を何というでしょう？,条件づけにおいて、毎回報酬を与えるのではなく、時々ランダムに報酬を与える方が、消去されにくいという現象を何というでしょう？,間欠強化,『間欠強化』の意味として適切なものは何でしょう？,時々の報酬の方が行動が持続する現象,毎回の報酬で行動を定着させる手続き,罰を与えることで行動を抑制する手続き,報酬を与えずに自然に行動が消えるのを待つこと
他者から恩恵や施しを受けたときに「お返しをしなければならない」という義務感を感じる心理的法則を何というでしょう？,たしゃから恩恵や施しを受けたときに、「お返しをしなければならない」、という義務感を感じる心理的法則を何というでしょう？,返報性の原理,『返報性の原理』の意味として適切なものは何でしょう？,施しを受けたらお返しをしたくなる心理,相手の攻撃に対して反撃しようとする心理,やった行いが自分に返ってくるという信念,期待されるとそれに応えようとする心理
グループのメンバー同士が本音で関わり合う体験を通じて自己理解や他者理解を深め人間的な成長を目指す集団体験を何というでしょう？,グループのメンバー同士が、本音で関わり合う体験を通じて、自己理解やたしゃ理解を深め、人間的な成長を目指す集団体験を何というでしょう？,エンカウンター・グループ,『エンカウンター・グループ』の意味として適切なものは何でしょう？,本音の交流を通じた成長を目指す集団体験,同じ悩みを持つ人同士の自助グループ,精神疾患の患者が集まる治療グループ,企業のリーダーを育成する研修
2つの光点が短い間隔で交互に点滅すると光が移動しているように見える現象を何というでしょう？,2つの光源が短い間隔で交互に点滅すると、光が移動しているようにみえる現象を何というでしょう？,仮現運動,『仮現運動』の意味として適切なものは何でしょう？,点滅する光が移動して見える現象,静止画の連続が動画に見える現象,実際には動いていない点が動いて見える錯覚,自分自身が回転しているように感じる感覚
対人関係に必要な技能（挨拶、断り方など）をロールプレイなどを通じて具体的に練習し習得させる訓練法を何というでしょう？,対人関係に必要な技能を、ロールプレイなどを通じて具体的に練習し習得させる訓練法を何というでしょう？,ソーシャル・スキル・トレーニング,『ソーシャル・スキル・トレーニング』の意味として適切なものは何でしょう？,対人技能を具体的に練習・習得する訓練,社会復帰のための職業訓練,集団生活のルールを教え込む教育,本音の交流を通じ感受性や自己理解を深める集団体験
実際以上に自分の外見や行動が他者から注目されていると思い込んでしまう心理現象を何というでしょう？,実際以上に、自分の外見や行動がたしゃから注目されていると思い込んでしまう心理現象を何というでしょう？,スポットライト効果,『スポットライト効果』の意味として適切なものは何でしょう？,自分が過剰に注目されていると感じる現象,舞台に立つとあがってしまう現象,強い光を見ると一時的に目が見えなくなる現象,特定の人だけが輝いて見える現象
身近な人々に対して「してもらったこと」「して返したこと」「迷惑をかけたこと」の3点を想起し自己反省を行う日本独自の心理療法を何というでしょう？,身近な人々に対して、「してもらったこと」、「して返したこと」、「迷惑をかけたこと」、の3点を想起し自己反省を行う、日本独自の心理療法を何というでしょう？,内観療法,『内観療法』の意味として適切なものは何でしょう？,他者への関わりを3点で振り返る療法,自分の内面をひたすら見つめる瞑想法,断食をして精神を鍛える修行法,日記を書いて感情を整理する療法
2つの異なる刺激を連続して提示した際にそれらの差異が実際以上に強調されて知覚される現象を何というでしょう？,2つの異なる刺激を連続して提示した際に、それらの差異が実際以上に強調されて知覚される現象を何というでしょう？,コントラスト効果,『コントラスト効果』の意味として適切なものは何でしょう？,刺激間の差異が強調されて知覚される効果,類似した刺激が融合して見える効果,背景の色と同化して見えなくなる効果,明るい場所では色が鮮やかに見える効果
過去の学習や経験を通じて獲得され加齢による低下が比較的少ない知能を何というでしょう？,過去の学習や経験を通じて獲得され、かれいによる低下が比較的少ない知能を何というでしょう？,結晶性知能,『結晶性知能』の意味として適切なものは何でしょう？,経験や学習により蓄積された知識に基づく知能,新しい問題を素早く解決する計算能力,単純な暗記や反応速度に依存する知能,感情をコントロールし対人関係を築く知能
発達においては遺伝的な要因よりも生まれた後の経験や学習環境が決定的な役割を果たすという説を何というでしょう？,発達においては遺伝的な要因よりも、生まれた後の経験や学習環境が決定的な役割を果たすという説を何というでしょう？,学習優位説,『学習優位説』の意味として適切なものは何でしょう？,発達は遺伝より学習環境で決まるとする説,脳の成熟がなければ学習できないとする説,遺伝と環境が相互に作用するとする説,本能的な行動は学習によって修正できないとする説
恐怖や危機的な状況に直面した際に交感神経が活性化し即座に戦うか逃げるかの準備をする生理的反応を何というでしょう？,恐怖や危機的な状況に直面した際に、交感神経が活性化し、即座に戦うか逃げるかの準備をする生理的反応を何というでしょう？,闘争・逃走反応,『闘争・逃走反応』の意味として適切なものは何でしょう？,危機に際して戦うか逃げるか備える反応,恐怖で身体がすくんで動けなくなる反応,死んだふりをしてやり過ごす反応,仲間を呼んで助けを求める反応
価格が高ければ高いほど顕示的消費としての魅力が増し需要が増加するという現象を何というでしょう？,価格が高ければ高いほど、顕示的消費としての魅力が増し、需要が増加するという現象を何というでしょう？,ヴェブレン効果,『ヴェブレン効果』の意味として適切なものは何でしょう？,高価格なものほど顕示的価値を感じる現象,安売りされると品質を疑う現象,セット販売されるとお得に感じる現象,限定品に弱い消費者の心理
少数派だと自覚した人が孤立を恐れて意見表明を控えることで多数派の意見がより優勢に見えるようになる現象を何というでしょう？,少数派だと自覚した人が、孤立を恐れて意見表明を控えることで、多数派の意見がより優勢にみえるようになる現象を何というでしょう？,沈黙の螺旋,『沈黙の螺旋』の意味として適切なものは何でしょう？,孤立を恐れた少数派が黙り多数派が強まる現象,議論が噛み合わず沈黙が続く状態,集団内での発言が順番に回ってくること,インターネット上で批判が連鎖する現象
根拠のない思い込みであっても人々がその通りに行動することで結果的に事実となってしまう現象を何というでしょう？,根拠のない思い込みであっても、人々がその通りに行動することで、結果的に事実となってしまう現象を何というでしょう？,自己成就的予言,『自己成就的予言』の意味として適切なものは何でしょう？,思い込みが行動を変え現実になる現象,過去の記憶が現在の学習を妨害する現象,自分の能力以上の課題に直面し意欲を失う状態,報酬を与えることで内発的動機が低下する現象
思い浮かびやすい事例や記憶に残りやすい情報を基準にして頻度や確率を判断してしまう傾向を何というでしょう？,思い浮かびやすい事例や、記憶に残りやすい情報を基準にして、頻度や確率を判断してしまう傾向を何というでしょう？,利用可能性ヒューリスティック,『利用可能性ヒューリスティック』の意味として適切なものは何でしょう？,思い出しやすい事例を基準に判断する傾向,典型的なイメージに当てはめて判断する傾向,最初の情報に引きずられて判断する傾向,自分に都合の良い情報だけで判断する傾向